"unit_id","doc_id","jurisdiction","section_path","page_start","word_count","T1_surveillance","T2_executive","T3_infocontrol","T4_civilrights","T5_economic","T6_geopolitical","binding_status","confidence_level","flag_reason","justification"
"DEU_AISTRAT_2018_SUMMARYA_P06_06","DEU_AISTRAT_2018","Germany","Summary “AI made in Germany”",6,337,0,1,0,1,2,2,"directed","High","Polysemic Uncertainty","The measure list is dense and funded: ""a national network of at least twelve centres and application hubs"", ""at least 100 additional professorships for AI"", Mittelstand 4.0 AI trainers contacting ""at least 1,000 companies per year"", doubling the EXIST budget, a Tech Growth Fund Initiative, and a cloud platform with upgradable storage and computing capacity (T5=2). ""Working with France, we will drive forward the development of a Franco-German research and development network"" and ""we will form a European innovation cluster providing funding for cooperative research projects over the next five years"" are formalised cross-border R&D funding clusters, which is the T6=2 anchor. ""Improve incentives and the policy framework for the voluntary sharing of data in compliance with data protection rules"" adjusts framework conditions without creating an exemption (T2=1) and keeps data protection as a stated constraint rather than a new protection (T4=1)."
"DEU_AISTRAT_2018_SUMMARYA_P07_07","DEU_AISTRAT_2018","Germany","Summary “AI made in Germany”",7,348,0,0,0,2,2,1,"directed","High","Polysemic Uncertainty","""The Federal Government will safeguard the possibilities for works councils to engage in co-determination when it comes to the introduction and use of AI"" engages Germany's existing statutory co-determination regime, and the Government ""will invite data protection authorities and business associations for a round table and work together to develop joint guidelines"" and fund applications supporting ""the protection of citizens' privacy"" -- named institutional privacy and worker-participation instruments short of new enforceable obligations (T4=2). The observatory for AI, the National Further Training Strategy, in-company innovation spaces, the Digital Work and Society Future Fund and 50 environmental flagship applications are funded programmes (T5=2). Supporting ""similar observatories at European and international level"" and ""a European and transatlantic dialogue"" is engagement without a named forum, funding or agreement (T6=1)."
"DEU_AISTRAT_2018_1GOALS_P08_08","DEU_AISTRAT_2018","Germany","1. Goals",8,387,0,0,0,1,1,1,"aspirational","High","Missing Operational Context","Goal I is a statement of ambition: ""the Federal Government is committed to achieving and maintaining leading global excellence in the research, development and application of AI"", to broadening the scientific base, and to putting ""the necessary services and policies in place"" for SMEs -- objectives without a named programme, budget or implementing body in this unit (T5=1). ""The modernisation of administration in the context of the needs of a state based on the rule of law"" is a constitutional framing clause with no mechanism (T4=1). ""'Artificial Intelligence (AI) made in Germany' is to become a globally recognised quality mark"" and attracting ""the best talents in AI"" from abroad is competitiveness framing (T6=1). The unit is 387 words, above the 350-word ceiling, and is flagged accordingly."
"DEU_AISTRAT_2018_1GOALS_P08_09","DEU_AISTRAT_2018","Germany","1. Goals",8,326,0,0,0,2,2,1,"directed","High","Polysemic Uncertainty","""We will take into account the recommendations of the Data Ethics Commission as we implement the Strategy"" commits the Government to the output of a named standing ethics body, alongside the goal that data be used ""whilst strictly observing data security and people's right to control their personal data"" and the intention ""to examine whether the regulatory framework needs to be further developed"" -- an institutional guardrail short of an enforceable obligation (T4=2). ""By expanding the smart infrastructure for real-time data transmission and analysis in the gigabit society, we are creating a central basis for stationary and mobile AI applications"" is committed digital infrastructure (T5=2). AI-based business models becoming ""new top exports"" and a ""European solution for data-based business models"" is competitiveness framing (T6=1). The high IT security goal protects systems from manipulation, which the Theme 3 boundary note routes to Theme 5, not to information control."
"DEU_AISTRAT_2018_2CURRENT_P10_11","DEU_AISTRAT_2018","Germany","2. Current situation",10,148,0,0,0,1,2,1,"enacted","Moderate","Missing Operational Context","""The Federal Government's AI Strategy makes a contribution towards the implementation of the current High-Tech Strategy 2025, which... defines the transfer of AI into applications as a joint mission for the Federal Government"" anchors this strategy in an existing funded national programme (T5=2, enacted). ""The EU's General Data Protection Regulation (GDPR) is a first important step and forms an important basis for future European cooperation"" cites an enacted instrument with binding penalties but describes none of its obligations, so under codebook 8.2 the unit is flagged for missing operational context and Theme 4 is held at 1 rather than being lifted by an instrument the text does not describe. ""Europe must... proactively promote its values in order to help shape international rules and to set benchmarks"" is norm-shaping intent without a named forum (T6=1)."
"DEU_AISTRAT_2018_3FIELDSO_31STRE_P13_14","DEU_AISTRAT_2018","Germany","3. Fields of action > 3.1 Strengthening research in Germany and Europe in order to be drivers of innovation",13,381,0,0,0,1,2,0,"directed","High","Missing Operational Context","""We will establish regional Centres of Excellence for Labour Research, where we will bring together scientists and practitioners"", and the three competent federal ministries ""will develop their transfer structures and bring them together into a joint transfer concept for AI"" -- named institutional buildout with identified implementing bodies (T5=2). ""It is highly important to consult and involve workers as specific applications are developed and introduced"" states worker participation as a design principle without creating any right or obligation in this unit (T4=1). At 381 words the unit exceeds the 350-word ceiling and is flagged accordingly."
"DEU_AISTRAT_2018_3FIELDSO_WORKIN_P15_15","DEU_AISTRAT_2018","Germany","3. Fields of action > 3.1 Strengthening research in Germany and Europe in order to be drivers of innovation > Working with France, we will drive forward the development of a Franco-German research and",15,194,0,0,0,0,2,2,"directed","High","Polysemic Uncertainty","""Establishing a bilateral programme providing funding for basic research, with an annual call for proposals"", ""linking up existing French and German centres of excellence to form a virtual centre"", and ""bilateral AI clusters focusing on specific industries"" with ""jointly operated test beds, the joint use of data sets"" is a formalised cross-border R&D funding cluster with specified instruments, which is the T6=2 anchor. The same commitments fund domestic research capacity, joint doctorates and summer schools (T5=2). No control, exclusion or export instrument appears, so Theme 6 does not reach 3."
"DEU_AISTRAT_2018_3FIELDSO_WEWILL_P16_16_2","DEU_AISTRAT_2018","Germany","3. Fields of action > 3.1 Strengthening research in Germany and Europe in order to be drivers of innovation > We will promote research and development for applications that protect consumers’ interests and",16,355,0,0,0,2,2,1,"directed","High","Polysemic Uncertainty","""We want to provide adequate funding for applications that make it easier for those affected to manage the consent they have given"" and ""the Federal Government will promote research into novel ways for pseudonymising and anonymising data and for differential privacy"", together with the principle of ""ethics by, in and for design"", constitute a funded privacy-technology programme, which is the T4=2 anchor. Consumer-enabling technologies, big-data applications and the data economy supply the funded economic dimension (T5=2). ""Technologies designed to guarantee the high level of data protection and privacy standards achieved in the EU... can therefore give German and European companies a competitive advantage internationally"" is competitiveness framing (T6=1). Identifying ""a person's individual health risks"" serves the person scored, so the Theme 1 purpose test is not met. The unit is 355 words and is flagged for exceeding the ceiling."
"DEU_AISTRAT_2018_3FIELDSO_WEWILL_P17_17","DEU_AISTRAT_2018","Germany","3. Fields of action > 3.1 Strengthening research in Germany and Europe in order to be drivers of innovation > We will promote research and development for applications that protect consumers’ interests and",17,184,1,0,2,0,2,1,"directed","High","Polysemic Uncertainty","""In response to new threats to our security from within and without the country, the Federal Government will promote research into both civil security and into the detection of manipulated and automatically generated content, also as part of its work on cybersecurity"" is state-funded synthetic-media detection research inside a named security research programme -- the T3=2 anchor for state-funded provenance and detection work with no enforcement consequence attached. ""As part of its programme providing funding for security research, the Federal Government will establish two new Centres of Excellence"" is funded institutional capacity (T5=2). AI is named as support for ""civil security officers"" in disaster settings, with no programme, target population or monitoring described (T1=1). Research ""to protect the country's external security and for military purposes"" is assigned to competent ministries without an export or exclusion instrument (T6=1). Flagged on the mandatory T3 trigger."
"DEU_AISTRAT_2018_3FIELDSO_WEWILL_P20_20_2","DEU_AISTRAT_2018","Germany","3. Fields of action > 3.2 Innovation competitions and European innovation clusters > We will form a European innovation cluster providing funding for cooperative research projects over",20,178,0,0,0,1,2,2,"directed","High","Polysemic Uncertainty","""We will form a European innovation cluster providing funding for cooperative research projects over the next five years... for instance as part of a EUREKA cluster"", achieved ""by pooling financing and sharing infrastructure and data (including data infrastructure or high-performance computing)"", is a formalised cross-border R&D funding cluster with specified instruments -- the T6=2 anchor. The same commitment funds domestic research capacity and shared high-performance computing (T5=2). ""An integrated pan-European network of scientists and businesses, rooted in shared values and a joint regulatory framework ('European AI')"" invokes shared values without creating an obligation (T4=1)."
"DEU_AISTRAT_2018_3FIELDSO_33TRAN_P21_21","DEU_AISTRAT_2018","Germany","3. Fields of action > 3.3 Transfer to business, strengthening the Mittelstand",21,323,0,0,0,0,2,2,"directed","High","Polysemic Uncertainty","""The Federal Government is prepared to work with other European partners to establish and co-finance an Important Project of Common European Interest (IPCEI, pursuant to Art. 107 Treaty on the Functioning of the European Union) in the field of AI"" names a specific European co-financing instrument and treaty basis, which is a formalised cross-border funding mechanism (T6=2), though the Government is only ""considering the launch"". ""The Federal Government will provide targeted support for Mittelstand companies"" and ""will focus on measures enabling German companies of all sizes... to not only use AI applications, but also to develop them"" is committed industrial support (T5=2). No obligation with a consequence attaches to any addressee."
"DEU_AISTRAT_2018_3FIELDSO_THEFED_P23_23","DEU_AISTRAT_2018","Germany","3. Fields of action > 3.3 Transfer to business, strengthening the Mittelstand > The Federal Government wants to help companies establish test beds.",23,308,0,2,0,0,2,1,"directed","High","Polysemic Uncertainty","""With regard to the living labs -- a horizontal instrument creating regulatory sandboxes for a defined period of time and in a set space -- we are planning to launch a general initiative"", and living labs ""make it possible for technologies to be tested... in a real-life setting and for the regulatory environment to be screened for any needs for adjustment"". A sandbox that relaxes specified requirements for enrolled participants within a bounded space and period is the T2=2 anchor exactly. Test beds ""with their own computing capacity and infrastructure for data analysis populated with data from the public sector"" and funded flagship projects are institutional capacity (T5=2). Road shows for Mittelstand companies ""and their international strategic partners"" promoting ""AI made in Germany"" is export framing (T6=1)."
"DEU_AISTRAT_2018_3FIELDSO_THEFED_P26_26","DEU_AISTRAT_2018","Germany","3. Fields of action > 3.5 World of work and labour market: shaping structural change > The Federal Government will establish a German observatory for artificial intelligence and will",26,338,0,0,0,2,2,2,"directed","High","Polysemic Uncertainty","""We will create a German AI observatory tasked with monitoring the uptake and the impact of AI, i.e. with conducting an impact assessment of these technologies"", and ""the Federal Government will examine ways of auditing AI for use in companies... Our goal is to set benchmarks for employment, technical design, human-machine interfaces, health and safety, and data protection"" -- a named standing body plus a stated direction toward auditing benchmarks, which is the T4=2 anchor and stops short of a mandatory audit with a consequence. The observatory itself is funded institutional capacity (T5=2). ""We will work closely with the European Commission and international organisations such as the Organization for Economic Cooperation and Development (OECD) and the International Labour Organization (ILO)"" and support for a French-proposed IPCC-equivalent for AI is participation in named international bodies (T6=2). The observatory monitors the uptake and impact of technology, not individuals."
"DEU_AISTRAT_2018_3FIELDSO_THEFED_P26_26_3","DEU_AISTRAT_2018","Germany","3. Fields of action > 3.5 World of work and labour market: shaping structural change > The Federal Government is initiating a European and transatlantic dialogue on the human-centric",26,340,0,0,0,2,2,0,"proposed","High","Polysemic Uncertainty","""The draft for a Opportunities for Qualifications Act, which was approved by the Federal Cabinet on 19 September 2018, marks an initial step by the Federal Government towards launching a large-scale qualifications and training initiative"", and from 2019 it would fund ""not only... the (partial) cost of the training itself, but also... topping up employees' wages or salaries"", with higher grants for SMEs -- a published draft legislative framework creating a training entitlement for workers ""whose jobs will be taken over by artificial intelligence"" (T4=2: a named instrument in draft, conferring a benefit rather than imposing an obligation with a penalty). The same measure, with the Federal Employment Agency expanding delivery, is funded workforce capacity (T5=2). At 340 words the unit sits just inside the ceiling."
"DEU_AISTRAT_2018_3FIELDSO_THEFED_P26_26_4","DEU_AISTRAT_2018","Germany","3. Fields of action > 3.5 World of work and labour market: shaping structural change > The Federal Government is initiating a European and transatlantic dialogue on the human-centric",26,186,0,0,0,2,2,0,"directed","High","Polysemic Uncertainty","""Given the major importance continuing training has for employees, the Federal Government will strengthen the right of works councils to initiate continuing training"" is a specified change to an existing statutory participation right, which is the T4=2 anchor for an institutional guardrail short of a new obligation with a penalty. The National Further Education Strategy, developed with the social partners and the Laender and ""to be presented to the public in summer 2019"", plus funding ""for measures designed to support SMEs on in-company training"", is committed institutional capacity (T5=2). Attention to ""gender-specific differences and the specific needs of certain groups"" states an equity commitment without a remedy."
"DEU_AISTRAT_2018_3FIELDSO_THEFED_P27_27","DEU_AISTRAT_2018","Germany","3. Fields of action > 3.5 World of work and labour market: shaping structural change > The Federal Government is initiating a European and transatlantic dialogue on the human-centric",27,331,0,0,0,0,2,2,"enacted","High","Polysemic Uncertainty","""The Federal Government has developed the skills monitoring system for labour market projections, which will be the analytical tool underpinning our new Skilled Labour Strategy"" is an existing analytical instrument feeding a named national strategy (T5=2, enacted). The strategy's second and third legs are explicitly cross-border: reducing obstacles ""with regard to the recognition of diplomas, certificates and other educational and professional qualifications"" for movement between EU Member States, and adjusting ""the legal framework by adopting a Skilled Labour Immigration Act"" to attract professionals from third countries, for which ""the Federal Government has laid the basis by adopting the Key Points Paper on skilled immigration from third countries"" -- named instruments for international talent competition (T6=2). The monitoring produces labour-market projections about sectors and skills, not about identified individuals."
"DEU_AISTRAT_2018_3FIELDSO_THEFED_P27_28","DEU_AISTRAT_2018","Germany","3. Fields of action > 3.5 World of work and labour market: shaping structural change > The Federal Government will safeguard the right to co-determination, including where the introduction",27,423,0,0,0,3,1,0,"enacted","High","Missing Operational Context","Theme 4 reaches 3 on all three Score-3 conditions. Instrument: the Works Constitution Act, an enacted statute, plus a specified amendment -- ""Section 90 of the Works Constitution Act will be amended to clarify that the measures listed therein include the use or intended use of AI applications"". Addressee: employers introducing AI applications, who must involve works councils. Consequence: a legally enforceable co-determination right that constrains deployment -- ""as part of their co-determination rights as per the Works Constitution Act, works councils can already have a say when it comes to the use of AI for the purpose of monitoring employees' performance"", and ""Section 95... stipulates that works councils have a right to co-determine the selection criteria used for recruiting, re-assigning, promoting/demoting and laying off workers"". A prospective Workers' Data Protection Act is explored but not relied on for the score. The workplace monitoring described is conducted by employers and is the object of the protection, not a state programme, so Theme 1 is not engaged. At 423 words the unit exceeds the ceiling and is flagged."
"DEU_AISTRAT_2018_3FIELDSO_36STRE_P29_29","DEU_AISTRAT_2018","Germany","3. Fields of action > 3.6 Strengthening vocational training and attracting skilled labour/experts",29,358,0,0,0,1,1,0,"proposed","High","Missing Operational Context","The unit reports what the consultation confirmed rather than what the Government will do: recommendations ""to treat AI as an inter-disciplinary subject at universities and to provide more funding for the establishment of professorships in AI"", and the need for basic digital skills ""to be taught across Germany and from an early age"" with ""needs-based equipment"" for training institutions (T5=1: stakeholder recommendations, no committed programme in this unit). The position that vocational syllabi ""should be about bringing about informed, self-determined individuals who know how to deal with both the technical as well as the ethical, social, and societal aspects of AI"" and that ""AI teaching should place a stronger focus on ethical questions"" is a values statement without an instrument (T4=1). At 358 words the unit exceeds the ceiling."
"DEU_AISTRAT_2018_3FIELDSO_36STRE_P30_30","DEU_AISTRAT_2018","Germany","3. Fields of action > 3.6 Strengthening vocational training and attracting skilled labour/experts",30,268,0,2,0,0,2,0,"proposed","Moderate","Polysemic Uncertainty","""Under its Digital Pact for Schools programme, the Federal Government will provide funding in this legislative term for the digital infrastructure needed across all German schools"" and Learning Factories 4.0 could ""be rolled out more widely and be extended to include AI"" (T5=2: a named funding programme with defined scope). Critically, ""in order for the Federal Government to be able to provide this kind of funding nationwide, an amendment of Article 104c of the German Basic Law is required"" -- a constitutional change that would shift competence over school funding from the Laender toward the Federation, which is centralisation of federal executive competence rather than a bypass of an existing review, so it registers at the T2=2 anchor. Confidence is Moderate because Theme 2's anchors are written around exemptions and overrides rather than around federal-state competence shifts, and this is a boundary case worth PI attention."
"DEU_AISTRAT_2018_3FIELDSO_38MAKI_P32_33","DEU_AISTRAT_2018","Germany","3. Fields of action > 3.8 Making data available and facilitating its use",32,324,0,0,0,1,2,2,"directed","High","Polysemic Uncertainty","""We will therefore consider establishing and managing a centralised, national, trustworthy, openly accessible data and analysis infrastructure and building a cloud platform with upgradable storage and computing capacity"", through ""a joint venture including representatives from business, science and the public sector based on open and interoperable standards"" (T5=2: a specified national infrastructure with a defined governance form). ""We will work closely with the European Commission to help implement and continue the initiative on building a European data space"", including the review of ""the EU's Public-Sector Information Directive, which is about to be implemented"" -- a formalised cross-border data framework with a named instrument (T6=2). ""In conformity with data protection law"" references existing law (T4=1). ""The goal is to ensure technological sovereignty"" names no exclusion or control mechanism, so Theme 6 does not reach 3."
"DEU_AISTRAT_2018_3FIELDSO_WESEEK_P34_35","DEU_AISTRAT_2018","Germany","3. Fields of action > 3.8 Making data available and facilitating its use > We seek to provide high-performance infrastructure to improve the accessibility of Earth observation",34,336,0,0,0,2,2,1,"directed","High","Polysemic Uncertainty","""We will encourage the provision of targeted funding at EU level for research and development in the areas of anonymisation, use of synthetic data and 'small data', and explore possibilities to provide funding for this at national level"", with ""methods designed to reduce the required amounts of data for training and using AI systems in a way that conforms with data protection rules"" described as ""of strategic importance"" -- a funded privacy-technology research programme, which is the T4=2 anchor. ""We are driving forward the expansion of high-performance computing resources, storage and network capacity in order to allow for data transfer speeds of 100 gigabits per second"" is committed compute infrastructure (T5=2). EU-level funding advocacy is engagement framing (T6=1). Earth observation and geodata, including citizen science and social media layers, are analysed for geospatial and environmental purposes, so the Theme 1 purpose test is not met."
"DEU_AISTRAT_2018_3FIELDSO_WESEEK_P36_36","DEU_AISTRAT_2018","Germany","3. Fields of action > 3.8 Making data available and facilitating its use > We seek to provide high-performance infrastructure to improve the accessibility of Earth observation",36,281,0,0,0,2,2,0,"directed","High","Polysemic Uncertainty","""We will invite data protection authorities and business associations for a round table and work together to develop joint guidelines for developing and using AI systems in a way that is compatible with data protection rules"", supported by ""targeted funding"" for ""methods and procedures that ensure anonymisation and... the use of pseudonymised and synthetic data"" and ""a regular dialogue on specific AI use cases between businesses, scientists and data protection authorities"" -- a named institutional privacy mechanism with a funded technical arm (T4=2). Research on ""the exchange and interoperability of industrial data"" and technical standards for data formats and interfaces is industrial capacity (T5=2). The industrial data at issue is expressly non-personal."
"DEU_AISTRAT_2018_3FIELDSO_39ADAP_P37_37","DEU_AISTRAT_2018","Germany","3. Fields of action > 3.9 Adapting the regulatory framework",37,405,0,0,0,2,2,1,"directed","High","Polysemic Uncertainty","""The Federal Government will review whether our legal framework covers all aspects related to algorithm-based and AI-based decisions, services and products and, if necessary, adapt it in order to make it possible to verify whether there is any undue discrimination or bias"", and it ""advocates using an 'ethics by, in and for design' approach throughout all development stages"" and will ask ""hardware and software producers for adequate commitments that respect the principle of security by design"" -- a stated direction of regulatory travel plus design obligations sought by request rather than imposed (T4=2). Existing medical IT funding for university hospitals and data pooling is a funded programme (T5=2). ""'AI made in Europe'"" is competitiveness framing (T6=1). At 405 words the unit exceeds the ceiling and is flagged."
"DEU_AISTRAT_2018_3FIELDSO_39ADAP_P37_37_3","DEU_AISTRAT_2018","Germany","3. Fields of action > 3.9 Adapting the regulatory framework",37,331,0,0,0,2,1,2,"directed","High","Polysemic Uncertainty","""The recommendations made by the Data Ethics Commission will be taken into account. The Commission has stated that the use of data and AI algorithms needs to be documented in a transparent manner"", and the Government ""will review, and if necessary adapt, the legal framework governing the use of non-personal data and AI technology"" and ""will promote the application of the European and national legal frameworks governing personal data and verify whether there are loopholes for algorithms or AI applications"" -- a named standing body's documentation requirement plus a committed legal review, which is the T4=2 anchor. ""The Federal Government is engaging in dialogue with national and international bodies, including the Data Ethics Commission or the EU Commission's High-Level Expert Group on AI and will take into account the recommendations of these bodies as it develops standards on ethical aspects at German and European level"" is participation in named international governance bodies (T6=2). The GDPR is cited as having entered into force with ""high data protection standards"" but its obligations are not the mechanism this unit creates (T5=1)."
"DEU_AISTRAT_2018_3FIELDSO_39ADAP_P38_38_2","DEU_AISTRAT_2018","Germany","3. Fields of action > 3.9 Adapting the regulatory framework",38,151,0,0,0,2,1,0,"proposed","High","Conflicting Statutory Mandates","""The Federal Government examines the possibility to establish and/or expand government agencies or private-sector auditing institutions that verify algorithmic decision-making"", with ""auditing standards... to be introduced and impact assessment standards developed"", and ""it should be possible to require companies to disclose all elements of the AI / Algorithmic Decision-Making (ADM) process to the monitoring bodies"". An addressee (companies) and a consequence (compulsory disclosure to a monitoring body) are both present, but the instrument is only a possibility under examination and the auditing bodies are not identified, so the first Score-3 condition fails: two of three are met, Theme 4 is capped at 2, and the unit is flagged per codebook 2.2. Involving ""all stakeholders, including industry"" in developing monitoring procedures is institutional process (T5=1)."
"DEU_AISTRAT_2018_3FIELDSO_THEFED_P39_39","DEU_AISTRAT_2018","Germany","3. Fields of action > 3.9 Adapting the regulatory framework > The Federal Government is providing funding for the development of innovative applications that",39,225,0,0,0,2,2,0,"directed","High","Polysemic Uncertainty","""The Federal Government is providing funding for the development of innovative applications that support self-determination, social inclusion, cultural participation and the protection of citizens' privacy"", using ""existing funding instruments -- in the context of their respective purposes -- for example consumer protection instruments"", and it advocates specifying ""'decent work by design'"" and integrating it ""into a 'digital bill of rights'"" (T4=2: a funded privacy and self-determination programme plus a named prospective rights instrument still at the discussion stage). The funding instruments themselves are economic capacity (T5=2). The requirement that skilled staff ""be able to verify and, if necessary, correct the work of an AI system"" is stated as a design need, not an obligation with a consequence."
"DEU_AISTRAT_2018_3FIELDSO_310SET_P39_40","DEU_AISTRAT_2018","Germany","3. Fields of action > 3.10 Setting standards",39,276,0,1,0,1,2,2,"directed","High","Polysemic Uncertainty","""The Federal Government sees it as its duty to set the national regulatory framework for business and therefore to advocate the development of standards at national, European and international level by the national standardisation organisations (DIN/DKE)"", and it ""is looking at the possibility to provide funding for experts, particularly from SMEs and start-ups, so they can take part in international standardisation processes"" -- funded participation in international standard-setting, which is the T6=2 anchor. The proposed funding tool and the market-access rationale are industrial capacity (T5=2). ""Standards also help ensure an adequate and flexible regulatory framework"" and the position that ""developing standards is primarily up to the private sector, not the state"" states a light-touch regulatory posture (T2=1); ""ethical standards ('ethics by design')"" is a stated standardisation priority without an obligation (T4=1). Binding healthcare standards are raised only as a possibility to be examined."
"DEU_AISTRAT_2018_3FIELDSO_WORKMO_P41_41","DEU_AISTRAT_2018","Germany","3. Fields of action > 3.11 National and international networking > Work more closely with the EU institutions, particularly with the European Commission and the",41,294,0,1,0,0,2,2,"directed","High","Polysemic Uncertainty","""Work more closely with the EU institutions, particularly with the European Commission and the Member States on developing the framework governing the use of AI on the Digital Single Market and for implementing the European AI strategy"", including ""integrating the national centres of excellence into a European network of centres of excellence"" and encouraging EU funding under ""Horizon Europe Programme, Digital Europe, and the European Social Fund"" -- named cross-border programmes and funding instruments (T6=2), which are simultaneously funded domestic research capacity (T5=2). ""As a general rule, it should be reviewed as to whether existing tools and regulations can be adapted/enhanced to include AI technology, before new tools or regulations are developed"" states a presumption against new regulation without creating any exemption (T2=1)."
"IND_NAIS_2018_EXECUTIV_INDIAS_P08_08","IND_NAIS_2018","India","Executive Summary > India’s Approach to Leadership in AI",8,339,0,0,0,0,2,2,"proposed","High","Polysemic Uncertainty","An umbrella research organisation, ""moonshot research projects"", ""common computing and other related infrastructure for AI"", reskilling mechanisms and a ""National AI Marketplace (NAIM)"" are proposed institutions and infrastructure with defined functions (T5=2). ""Development of a dedicated supranational agency to channel research in solving big, audacious problems of AI -- 'CERN for AI'"", together with ""encouraging international collaboration"", proposes a named cross-border research institution, which is the T6=2 anchor for a formalised international research structure. Both remain proposals in a discussion paper, so binding_status is proposed."
"IND_NAIS_2018_EXECUTIV_INDIAS_P08_08_2","IND_NAIS_2018","India","Executive Summary > India’s Approach to Leadership in AI",8,347,0,0,0,2,2,1,"proposed","High","Polysemic Uncertainty","""A consortium of Ethics Councils at each Centre of Research Excellence can be set up and it would be expected that all COREs adhere to standard practice"", and ""the paper suggests establishing data protection frameworks and sectorial regulatory frameworks, and promotion of adoption of international standards"", against named risks including ""data usage without consent, risk of identification of individuals through data, data selection bias and the resulting discrimination of AI models"" -- proposed institutional governance with defined content but no enumerated obligations or penalties, which is the T4=2 anchor. IP facilitation centres and training for ""IP granting authorities, judiciary and tribunals"" are proposed institutional capacity (T5=2). Adoption of international standards is soft alignment (T6=1). At 347 words the unit sits inside the ceiling."
"IND_NAIS_2018_WHATISAR_ATECHN_P08_12","IND_NAIS_2018","India","What is Artificial Intelligence? > A technical primer",8,418,0,0,0,0,1,1,"proposed","High","Missing Operational Context","The unit closes the executive summary with a comparative note -- ""Governments in USA, UK, France, Japan and China have released their policy and strategy papers relating to AI"" -- and then opens a technical primer describing AI capabilities and investment forecasts (T5=1: market context and a call to release a strategy paper, with no programme or budget). ""In order to establish a leadership role, it is important for India to take the plunge"" is competitiveness framing (T6=1). At 418 words the unit exceeds the 350-word ceiling and is flagged; it also spans a section boundary between the executive summary and the primer."
"IND_NAIS_2018_HEALTHCA_THROUG_P26_26","IND_NAIS_2018","India","Healthcare > Through the Ayushman Bharat programme announced in Union Budget 2018, probably the world’s",26,389,1,0,0,0,2,0,"enacted","Moderate","Missing Operational Context","""Through the Ayushman Bharat programme announced in Union Budget 2018... the Government of India has embarked on a path breaking journey"", providing ""insurance cover of INR 5 lakh per family per year"" to ""more than 10 crore families"", alongside ""a commitment of ~INR1,200 crore for Health and Wellness Centres"" transforming 1.5 lakh Health Sub Centres from 2018 to 2022 (T5=2, enacted -- budgeted programmes at national scale). Beneficiaries are identified ""based on the SECC database"", a state population database governing access to a major benefit: that is data aggregation about identified individuals used for eligibility determination, which registers on Theme 1 at the level of a named capability with no monitoring or control purpose stated (T1=1). Confidence is Moderate because eligibility conferral sits at the edge of the Theme 1 purpose test. At 389 words the unit exceeds the ceiling and is flagged."
"IND_NAIS_2018_EDUCATIO_PRADES_P38_38","IND_NAIS_2018","India","Education > Pradesh",38,127,0,0,0,0,2,0,"enacted","Moderate","Polysemic Uncertainty","""The AP government... has tied up with Microsoft"" so that ""based on specific parameters, such as gender, socio-economic demographics, academic performance, school infrastructure and teacher skills, an application powered by Azure Machine Learning processes the data pertaining to all students to find predictive patterns"", and it ""has identified about 19,500 probable dropouts from government schools in Visakhapatnam district"" -- an operating state deployment at documented scale (T5=2, enacted). This is the case the Theme 1 purpose test (codebook 2.0.1) was written for: the state scores every student on protected characteristics, but the stated consequence is that ""district education officials can intervene and help students who are most likely to drop out"", a benefit to the person scored, so it falls to Theme 5. Flagged manually for adjudication because the profiling is population-scale and uses gender and socio-economic status, with no safeguard described."
"IND_NAIS_2018_SMARTCIT_P39_39_2","IND_NAIS_2018","India","Smart Cities and Infrastructure",39,300,2,0,0,0,2,0,"enacted","Moderate","Polysemic Uncertainty","The unit contains both kinds of monitoring and is dual-coded. Smart electricity and water meters, leakage detection and waste management observe utilities and distribution networks -- things -- within operating smart-city programmes (T5=2, enacted). ""Improving public safety: Cities in India today are hotbeds for a range of crimes. Smart cities aim to address the issues of increase in crime and increased risk of urban emergencies through improved city design and surveillance analytics"", evidenced by Surat's network of ""more than 600 surveillance cameras which will be expanded to all major locations in the city"", observes people (T1=2). Under codebook v1 the smart-municipal-grid boundary would have routed the camera network to Theme 5; the v2 boundary clarification reverses that. Flagged on the mandatory T1 trigger."
"IND_NAIS_2018_SMARTCIT_P40_40_2","IND_NAIS_2018","India","Smart Cities and Infrastructure",40,124,2,0,1,0,1,0,"enacted","High","Polysemic Uncertainty","""AI technology could provide safety through smart command centres with sophisticated surveillance systems that could keep checks on people's movement, potential crime incidents, and general security of the residents"", and ""in the city of Surat, the crime rate has declined by 27% after the implementation of AI powered safety systems"" -- the outcome claim establishes that the system is operating, not proposed, which is the T1=2 anchor (binding_status enacted). ""Social media intelligence platforms can provide aid to public safety by gathering information from social media and predicting potential activities that could disrupt public peace"" is state monitoring of the public information space without any removal, labelling or platform obligation (T3=1). Cyber-attack detection protects infrastructure integrity and is Theme 5 baseline (T5=1). Flagged on the mandatory T1 trigger."
"IND_NAIS_2018_SMARTMOB_MORTH_P44_44","IND_NAIS_2018","India","Smart Mobility and Transportation > MORTH",44,307,2,0,0,0,2,0,"proposed","Moderate","Polysemic Uncertainty","""Through the use of an intelligent traffic management system including sensors, CCTV cameras, automatic number plate recognition cameras, speed detection cameras... and stop line violation detection systems and the use of AI, real time dynamic decisions on traffic flows such as lane monitoring, access to exits, toll pricing... enforcing traffic regulations through smart ticketing etc. can be made"", with accident heat maps built from ""driver behaviour at specific locations"". Number-plate recognition, speed and violation detection identify vehicles and their drivers and issue penalties automatically: the purpose is enforcement, which the Theme 1 purpose test squarely covers, and the mechanism is specified in enough operational detail to exceed the ""named without a programme"" level (T1=2). Intelligent traffic management is simultaneously funded transport infrastructure (T5=2). Confidence is Moderate because the unit presents the system as what ""can be made"" rather than as a funded deployment; flagged on the mandatory T1 trigger."
"IND_NAIS_2018_WAYFORWA_RECOMM_P46_48","IND_NAIS_2018","India","Way Forward to Harness the Power of AI > Recommendations",46,351,0,0,0,0,2,1,"proposed","High","Missing Operational Context","The unit closes the challenge analysis and opens the recommendations: ""these recommendations have been formulated as fundamentally infrastructural in nature, and hence span across sectoral use cases"", requiring ""large scale transformational interventions, primarily led by the government, with private sector prov[iding]"" support (T5=2: a programme of infrastructural interventions with a defined state-led delivery model, still at recommendation stage). ""A desire to assume leadership in this nascent technology"" is competitiveness framing (T6=1). At 351 words the unit is one word over the ceiling and is flagged."
"IND_NAIS_2018_RESEARCH_INCENT_P50_50","IND_NAIS_2018","India","Research > Incentivising Core and Applied research in AI",50,362,0,0,0,0,1,1,"proposed","High","Missing Operational Context","A diagnosis of India's research position: ""India produced a whopping 2.6 million STEM graduates in 2016, second only to China and more than 4 times the graduates produced by USA"", yet ""India sees itself lagging considerably in producing world-class research and innovation in most technology fields, more so in AI"" (T5=1: capacity analysis with no instrument or programme committed here). The comparison with China and the USA is competitiveness framing (T6=1). At 362 words the unit exceeds the ceiling and is flagged."
"IND_NAIS_2018_1WORKFOR_SAMASO_P69_69","IND_NAIS_2018","India","1. Workforce > Samasource quotes its top objective as ‘creating technology jobs for the impoverished while delivering",69,164,0,0,0,0,2,0,"proposed","High","Conflicting Statutory Mandates","""It is thus suggested that co-funded models between the government and companies be explored"", with incentives that ""could include payroll taxes which are dedicated to subsidising training opportunities, income tax deductions for companies participating in reskilling initiatives, special taxes to be paid if a minimum training budget is not disbursed, as well as public grants"" (T5=2). The special-tax option places an addressee -- employers -- under a fiscal consequence for failing to meet a minimum training budget, which would be a coercive industrial mandate; but it is offered as one item in a list of options to be ""explored"", with no rate, threshold or enacting vehicle specified, so the instrument condition of the Score-3 Evidence Test fails. Two of three conditions are met, Theme 5 is capped at 2, and the unit is flagged per codebook 2.2."
"IND_NAIS_2018_ACCELERA_AIACRO_P74_74","IND_NAIS_2018","India","Accelerating Adoption > AI across the value chain",74,196,0,0,0,2,2,0,"proposed","High","Conflicting Statutory Mandates","""There is no mechanism currently to ensure that appropriate permissions are taken from the actual data owners before data custodians share the data"", and under the proposed formal marketplace ""it would become necessary for firms to take consent of individuals getting imaged to aggregate and sell their data. This could create mechanisms through which individuals are ultimately compensated"" (T4=2). An addressee (data custodians and firms) and an instrument (the proposed formal marketplace with consent conditions) are present, but no penalty, audit or exclusion attaches to non-compliance, so two of the three Score-3 conditions are met, Theme 4 is capped at 2, and the unit is flagged per codebook 2.2. Recommendation 2 on ""facilitating creation of large foundational annotated data sets"" supplies the economic mechanism (T5=2)."
"IND_NAIS_2018_ACCELERA_AIACRO_P79_80","IND_NAIS_2018","India","Accelerating Adoption > AI across the value chain",79,334,0,0,0,2,2,0,"proposed","High","Polysemic Uncertainty","""The process of exchange, with enforced provisions of privacy and anonymisation, brings a market determined value to data and thus forces the existing informal data exchange economy, without any privacy protection, to move towards a formal economy"", and ""the government can establish a committee of experts, researchers, AI developers and regulators to create the standards the data marketplace will adhere by"" -- proposed institutional privacy governance with a named standard-setting body including regulators, which is the T4=2 anchor. The exchange itself is the economic mechanism (T5=2). The Ocean Protocol blockchain curation model is cited as a design precedent."
"IND_NAIS_2018_ACCELERA_PLATFO_P83_83","IND_NAIS_2018","India","Accelerating Adoption > AI across the value chain > Platforms such as Amazon’s MTurks, Figure-Eight (previously known as CrowdFlower) or ClickWorker",83,183,2,0,1,0,2,0,"proposed","Moderate","Polysemic Uncertainty","The demand-side use case list for the National AI Marketplace opens with ""traffic authorities and police: real-time object detection in CCTV video feeds, face detection and object tracking, number plate detection"" -- facial recognition, person tracking and number-plate identification specified as procurement categories for police, whose object is unambiguously people and whose purpose is enforcement. The mechanism is named with operational specificity and attributed to a named class of state user, which takes it past the ""named without a programme"" level to T1=2, though no budget or deployment is attached. ""All India Radio and Prasar Bharti: speech-to-text services for transcription and analysis"" and document sentiment analysis place state broadcast and document content under automated analysis without any obligation on any party (T3=1). Agriculture, freight and citizen chatbots supply the economic baseline (T5=2). Confidence is Moderate because the list is a procurement demand signal rather than a funded programme; flagged on the mandatory T1 trigger."
"IND_NAIS_2018_ACCELERA_PLATFO_P84_84","IND_NAIS_2018","India","Accelerating Adoption > AI across the value chain > Platforms such as Amazon’s MTurks, Figure-Eight (previously known as CrowdFlower) or ClickWorker",84,181,0,0,0,2,2,0,"proposed","High","Polysemic Uncertainty","""Instead of attempting to build such marketplaces, which it is not equipped to do so, the government should come out with enabling regulations... These would include regulations and standard permissions for any personal data being sold, standards for anonymisation, standards for ensuring annotation accuracy, and cybersecurity standards for the module dealing with deployable models"" -- a proposed regulatory framework governing the sale of personal data with named components, which is the T4=2 anchor for a published framework short of enumerated obligations and penalties. ""It is proposed that a decentralised data marketplace based on distributed ledger technology be set up"" and the government may ""build the NAIM platform where all relevant stakeholders can sign up"" (T5=2)."
"IND_NAIS_2018_INTELLIG_TOWARD_P85_85","IND_NAIS_2018","India","Intelligence > Towards a “Responsible AI”",85,356,0,0,0,1,1,0,"proposed","High","Missing Operational Context","The chapter opening frames the problem: ""any strategy document on promoting AI, necessarily needs to be conscious of the probable factors of the AI ecosystem that may undermine ethical conduct, impinge on one's privacy and undermine the security protocol"", distinguishing ethics (bias propagation), privacy (""collection and inappropriate use of data for personal discrimination"") and security (accountability) (T4=1: an issue statement with no framework, body or obligation proposed in this unit). At 356 words the unit exceeds the ceiling and is flagged."
"IND_NAIS_2018_INTELLIG_GDPRON_P88_88","IND_NAIS_2018","India","Intelligence > Towards a “Responsible AI” > GDPR on administrative decisions. India’s privacy protection regime will have to be continually",88,345,0,0,0,2,1,1,"proposed","High","Missing Operational Context","""India should collaborate on areas of research like Differential Privacy, Privacy by Design, Safety-Critical AI and Multi-Party Computations which enable protection of privacy despite data sharing at a wide scale"" is a funded-research direction for privacy technology (T4=2, alongside the awareness commitment). ""Privacy has been termed as a fundamental right by the Supreme Court of India"" cites a binding constitutional holding but describes none of its content or consequences, so under codebook 8.2 the unit is flagged for missing operational context and Theme 4 is not lifted by an instrument the text does not describe. The research collaboration is both economic capacity (T5=1) and international engagement (T6=1). At 345 words the unit sits inside the ceiling."
"IND_NAIS_2018_INTELLIG_GDPRON_P88_88_2","IND_NAIS_2018","India","Intelligence > Towards a “Responsible AI” > GDPR on administrative decisions. India’s privacy protection regime will have to be continually",88,341,0,0,0,2,1,0,"proposed","High","Conflicting Statutory Mandates","""One possible framework that can be mooted involves the following components: a. Negligence test for damages caused by AI software, as opposed to strict liability. This involves self-regulation by the stakeholders by conducting damage impact assessment at every stage of development of an AI model. b. As an extension of the negligence test, safe harbours need to be formulated to insulate or limit liability"". An addressee (AI developers) and a consequence (civil liability under a negligence standard, with impact assessment at every development stage) are both present, but the instrument is explicitly ""mooted"" with no legislative vehicle, so two of the three Score-3 conditions are met, Theme 4 is capped at 2, and the unit is flagged. Note that the proposed direction limits rather than expands liability. At 341 words the unit sits inside the ceiling."
"IND_NAIS_2018_ACTIONSF_P91_91","IND_NAIS_2018","India","Actions for the Government",91,424,0,0,0,0,2,0,"proposed","High","Missing Operational Context","The summary table of government actions opens with research: ""identify academic institutions, provide fiscal support to establish COREs focusing on core technology research in AI"" and ""institute National AI Fellowships to retain outgoing PhD students and attract researchers"", with the role of government defined as ""a facilitator, an active promoter and wherever required, of an owner"" (T5=2: named instruments with a defined state role). At 424 words the unit exceeds the ceiling and is flagged; it is a table rendered as prose, which is why it runs long."
"IND_NAIS_2018_1DATAMAR_CAPITA_P93_94","IND_NAIS_2018","India","1. Data marketplace > Capital Collaboration capital to implement “AI+X” paradigm.",93,246,0,0,0,2,2,0,"proposed","High","Polysemic Uncertainty","""Set up a consortium of Ethics Councils at each CORE and ICTAI to define the standard practices and monitor their adoption"", ""address and implement data protection legal framework, which protects human rights and privacy without stifling innovation in India"", and ""collaborate with industry to come out with sector specific guidelines on privacy, security and ethics - on manufacturing, financial services, identity, telecommunication, robotics"" -- named governance bodies with a monitoring function plus a proposed statutory framework and sectoral guidelines, which is the T4=2 anchor. ""Establish incubation hubs and venture funds specifically for AI startups in collaboration with State Governments"" is the economic instrument (T5=2)."
"IND_NAIS_2018_APPENDIX_AKEYEN_P111_111","IND_NAIS_2018","India","Appendix III: Data Ecosystem > A key enabler",111,301,2,0,0,2,2,0,"proposed","Moderate","Polysemic Uncertainty","""Corporates based in India may be mandated to share their data for social good. For example, sharing transportation pattern of individuals / mass transits, collected by service providers and aggregators, can help the city planners help in planning routes, predicting and managing traffic."" A compulsory transfer of individual movement traces from private aggregators to the state engages Theme 1 directly: the Theme 1 boundary clarification holds that movement analytics remains Theme 1 even under an urban-planning framing (T1=2). The same proposal is a data-sharing mandate on a class of firms, but the instrument is unspecified -- ""may be mandated"" with no vehicle, threshold or penalty -- so two of the three Score-3 conditions are met and Theme 5 is capped at 2 and flagged. ""Upon proper and informed consent from the citizens, these anonymised data may be shared"" proposes consent and anonymisation as the safeguard (T4=2). Confidence is Moderate because the mandate is raised as a possibility rather than designed."
"SGP_NAIS_2019_EXECUTIV_NATION_P05_05","SGP_NAIS_2019","Singapore","EXECUTIVE SUMMARY > National AI Projects",5,153,2,0,0,0,2,0,"directed","High","Polysemic Uncertainty","""We will embark on an initial tranche of 5 National AI Projects"" is a committed programme that will ""guide investment in AI research"" and Singapore's digital infrastructure buildout (T5=2). One of the five is ""Border Clearance Operations -- to strengthen border security while improving traveller experience"": a funded national programme of automated screening at the border whose object is travellers, which is the T1=2 anchor. Chronic Disease Prediction and Personalised Education also score individuals, but their stated purpose is delivering care and instruction to the person scored rather than security, enforcement or control, so under the Theme 1 purpose test they are Theme 5 sectoral deployment. Flagged on the mandatory T1 trigger."
"SGP_NAIS_2019_5BORDERC_HOWDOW_P18_18","SGP_NAIS_2019","Singapore","5. BORDER CLEARANCE > OPERATIONS > Challenge Objective > How do we continue to strengthen 100% automated immigration",18,175,2,0,0,0,1,0,"directed","High","Polysemic Uncertainty","""We aim to deploy AI to achieve 100% automated immigration clearance for all travellers, including first-time social visitors"", with clearance ""without the need to present their passports"", is a committed national programme of automated identification and screening at the border whose object is travellers, which is the T1=2 anchor for automated border biometric screening. The framing is explicitly security-driven -- ""how do we continue to strengthen border security"", ""the heightened security climate"" -- so the Theme 1 purpose test is satisfied. Tourism, business travel and ""our tightening resident labour force"" supply the economic baseline (T5=1). Flagged on the mandatory T1 trigger."
"SGP_NAIS_2019_5BORDERC_OURFIR_P18_18","SGP_NAIS_2019","Singapore","5. BORDER CLEARANCE > OPERATIONS > Our First Steps",18,172,2,0,0,0,1,0,"directed","High","Polysemic Uncertainty","""Singapore will explore using AI to assist immigration officers in evaluating the risk profile of travellers before they arrive at our checkpoints, and to tier the level of security screening accordingly. To enable this, we will collect and analyse data from various sources, including the Singapore Arrival Cards submitted by travellers and advance passenger information from airlines"" is predictive risk-scoring of identified individuals, built on aggregated state and commercial data, for the purpose of determining how intensively each person is screened (T1=2). The consequence attaches to the traveller rather than to an addressee under legal obligation, and no penalty or statutory override is created, so the Score-3 Evidence Test is not met. Traveller experience and immigration officer productivity are the supporting baseline (T5=1)."
"SGP_NAIS_2019_5BORDERC_SINGTE_P24_24","SGP_NAIS_2019","Singapore","5. BORDER CLEARANCE > TRIPLE HELIX PARTNERSHIP > Singtel-NTU AI Lab",24,197,2,0,0,0,2,0,"enacted","Moderate","Polysemic Uncertainty","""Singtel has partnered with NTU and the National Research Foundation (NRF) to establish the Singtel Cognitive and Artificial Intelligence Lab for Enterprises (SCALE@NTU)"" is a funded, operating public-private research lab (T5=2, enacted). Its stated application areas lead with ""public safety"", and the described work includes ""multimodal sensation with vision and speech intelligence to understand customer behaviour and emotion"" and ""edge intelligence through visual and video analytics for a safer and more effective workplace"", pursued ""in various Proof of Concepts"" -- video and affect analytics whose object is people, developed with state research funding for safety and security purposes, which is the T1=2 anchor for a funded pilot. Confidence is Moderate because the deployment context is commercial and the public-safety application is named rather than described; flagged on the mandatory T1 trigger."
"SGP_NAIS_2019_5BORDERC_IMDASU_P24_24","SGP_NAIS_2019","Singapore","5. BORDER CLEARANCE > TRIPLE HELIX PARTNERSHIP > IMDA-SUTD Partnership in Smart Estates",24,147,2,0,0,0,2,0,"enacted","High","Polysemic Uncertainty","""There are already ongoing trials to use AI to improve estate management"", and the second listed trial is ""automated surveillance monitoring and detection of safety and security"" -- an operating municipal surveillance pilot within a named IMDA-SUTD-industry collaboration, which is the T1=2 anchor. The Theme 1 boundary clarification is decisive here: the programme is framed as Smart Estates management, but automated surveillance of safety and security in inhabited estates observes people, so it does not pass to Theme 5. Energy and utility management, fault detection and predictive maintenance in the same list observe building plant and are Theme 5, alongside the funded research-industry-Government collaboration itself (T5=2)."
"SGP_NAIS_2019_5BORDERC_FROM10_P26_26","SGP_NAIS_2019","Singapore","5. BORDER CLEARANCE > TRIPLE HELIX PARTNERSHIP > From 100 Experiments to Scaling Startups",26,253,0,2,0,1,2,0,"enacted","High","Polysemic Uncertainty","IMDA's Digital Services Lab, the National Speech Corpus and the Intelligent Sensing Toolbox, and the AI Singapore-KroniKare wound-assessment system now ""deployed... in St Andrew's Community Hospital and a nursing home at Kwong Wai Shiu Hospital"", are funded, operating capacity (T5=2, enacted). ""The device underwent HSA's priority review scheme to obtain regulatory approval"" is an expedited regulatory pathway operated by the Health Sciences Authority -- an institutional fast-track that shortens review without suspending or overriding it, which is the T2=2 anchor. HSA ""provided scientific and regulatory advice"" and granted approval, a safety-regulatory guardrail described without any penalty or right of action (T4=1). The wound scanner analyses patients for their own treatment, so the Theme 1 purpose test is not met."
"SGP_NAIS_2019_5BORDERC_PUNGGO_P27_27","SGP_NAIS_2019","Singapore","5. BORDER CLEARANCE > TRIPLE HELIX PARTNERSHIP > Punggol Digital District (PDD)",27,170,2,2,0,0,2,0,"directed","Moderate","Polysemic Uncertainty","""Singapore's regulators will work with companies to facilitate the deployment and testing of new ideas through AI innovation testbeds"" is a regulator-run testbed that relaxes deployment friction for enrolled participants, which is the T2=2 anchor. Punggol Digital District is ""a greenfield project developed and masterplanned by JTC Corporation"" -- a committed, funded state development (T5=2). Its Open Digital Platform ""will integrate various technology verticals including facilities management systems, district cooling system, autonomous goods delivery systems, and security systems"", and the resulting data lets ""district managers... provide personalised and anticipatory services"" to the people living and working there: an integrated district-wide platform combining security systems with resident activity data, which under the Theme 1 boundary clarification is Theme 1 despite the smart-district framing (T1=2). Confidence is Moderate because ""security systems"" is named without operational detail; flagged on the mandatory T1 trigger."
"SGP_NAIS_2019_3WHYDIDY_KEYTHR_P30_31","SGP_NAIS_2019","Singapore","3. Why did you choose an industry post-graduate > Key Thrust 2.3 Attract top-tier global AI talent",30,251,0,2,0,2,2,1,"enacted","High","Polysemic Uncertainty","""The Economic Development Board (EDB) and Enterprise Singapore (ESG) will pilot a programme with fast-growing technology companies to facilitate Employment Pass applications for their core team members"" is an expedited administrative pathway for a defined class of firms -- a fast-track that eases a requirement without suspending it, which is the T2=2 anchor -- and it is also talent and industrial capacity (T5=2). ""IMDA has published the Trusted Data Sharing Framework... The Framework articulates the key legal, regulatory, and technical considerations and safeguards... and provides sample legal clauses and templates"" is a published institutional data-governance instrument in force but voluntary (T4=2, enacted). ""AI algorithms trained on Singapore's population could potentially be scalable across Asia"" is export framing (T6=1). Curating ""rich, cross-sectoral datasets"" via ""our unique common identifiers"" aggregates population data, but for research and economic development rather than for security, enforcement or control, so the Theme 1 purpose test is not met."
"SGP_NAIS_2019_3WHYDIDY_GOVERN_P32_32","SGP_NAIS_2019","Singapore","3. Why did you choose an industry post-graduate > Government Data Architecture (GDA)",32,287,2,0,0,1,2,0,"enacted","Moderate","Polysemic Uncertainty","The Government Data Architecture is operating: launched in June 2018, ""operationalised in phases, beginning from Oct 2019"", with Single Sources of Truth assigned, Vault.Gov.SG and Analytics.Gov.SG built, and secure data sharing between agencies ""within 7 working days"" (T5=2, enacted). Its core data assets are organised ""around four Trusted Centres (Individuals, Businesses, Geospatial, and Sensors), which are tasked with fusing and distributing these datasets"": a named, resourced, government-wide capability for fusing person-level data across agencies for ""policy, planning, operations, and service delivery"", which is data aggregation directed at individuals under the Theme 1 scope and reaches the T1=2 anchor for a named centre with allocated resources. ""Protect the identity of individuals while leveraging analytics"" is a stated technical safeguard without an audit, right or penalty (T4=1). Confidence is Moderate because the stated purposes are administrative rather than security-related; flagged for adjudication."
"SGP_NAIS_2019_3WHYDIDY_KEYTHR_P32_33","SGP_NAIS_2019","Singapore","3. Why did you choose an industry post-graduate > TRUSTED ENVIRONMENT > Key Thrust 4.1 Establish citizens’ trust on the responsible use of AI",32,316,0,1,0,2,2,0,"enacted","High","Polysemic Uncertainty","""Singapore has established an industry-led Advisory Council on the Ethical Use of AI and Data"" and ""in January 2019, Singapore published Asia's first Model AI Governance Framework"", with commitments to sector-specific frameworks, codes of practice, assessment guides, and ""training and certification in AI ethics and governance... overseen by Singapore Computer Society's newly formed AI Ethics and Governance Steering Committee"" -- a standing council plus published frameworks and certification, which is the T4=2 anchor and is in force, though advisory throughout. Curating ""technical solutions that enable explainable AI that industry can use"" and university study of systemic risks are funded capacity (T5=2). ""Strike the right balance between fostering technology and business innovation, while safeguarding citizens' interests"" states regulatory posture with no exemption named (T2=1)."
"SGP_NAIS_2019_3WHYDIDY_KEYTHR_P33_33","SGP_NAIS_2019","Singapore","3. Why did you choose an industry post-graduate > TRUSTED ENVIRONMENT > Key Thrust 4.1 Establish citizens’ trust on the responsible use of AI",33,156,0,0,0,1,2,2,"enacted","High","Polysemic Uncertainty","""Singapore has been invited to take part in influential international fora such as the Organisation for Economic Co-operation and Development (OECD) Expert Group on AI and the European Commission's High-Level Expert Group on AI"", won the WSIS Prize in 2019 and presented at the Paris Peace Forum -- participation in named international governance bodies, in force (T6=2, enacted). SMU's Centre for AI and Data Governance and the SUTD-Live with AI-DataRobot research collaboration are funded research capacity (T5=2). Their governance subject matter is research rather than an instrument, audit or right (T4=1)."
"SGP_NAIS_2019_3WHYDIDY_VERITA_P34_34","SGP_NAIS_2019","Singapore","3. Why did you choose an industry post-graduate > TRUSTED ENVIRONMENT > Veritas – an implementation framework for AI governance in the",34,239,0,0,0,2,2,1,"enacted","High","Conflicting Statutory Mandates","""The Monetary Authority of Singapore (MAS) worked with the financial industry to co-create a set of principles"" -- Fairness, Ethics, Accountability and Transparency -- ""released in 2018"", and ""the principles have established a standard across the financial sector in Singapore"". Instrument (the FEAT principles issued by the sector's regulator) and addressee (financial institutions) are both present, but the unit attaches no penalty, licensing consequence or compliance audit, so two of the three Score-3 conditions are met and Theme 4 is capped at 2 and flagged. Veritas, ""a standardised modular implementation framework"" comprising ""tools for institutions to validate their models against the FEAT principles"", is funded institutional capacity aimed explicitly at accelerating adoption (T5=2). ""Various jurisdictions have adopted similar principles"" and ""the world's first framework"" is norm-export framing (T6=1)."
"SGP_NAIS_2019_4AUTOMAT_KEYTHR_P35_35","SGP_NAIS_2019","Singapore","4. Automation Needs You to Think More about > Key Thrust 4.2 Provide a top-class IP regime and accelerated patent initiatives",35,187,0,2,0,0,2,2,"enacted","High","Polysemic Uncertainty","""IPOS has also introduced the Accelerated Initiative for Artificial Intelligence (AI2), the world's fastest patent-acceleration programme that grants applicants an AI patent within six months"" is an operating administrative fast-track that compresses an otherwise-applicable examination process for a defined class of applications, which is the T2=2 anchor; the commitment to ""review Singapore's IP legislation to ensure that our laws support the development and commercialisation of new AI technologies"" reinforces the deregulatory direction without naming an override. IPOS International and the IP regime as industrial support are funded capacity (T5=2). ""A new ASPEC-AIM... initiative by the ASEAN IP offices also allows applicants to fast-track patent applications"" is a formalised cross-border programme (T6=2)."
"SGP_NAIS_2019_4AUTOMAT_ALIBAB_P36_36","SGP_NAIS_2019","Singapore","4. Automation Needs You to Think More about > Alibaba granted AI patent within three months",36,189,0,2,0,0,2,1,"enacted","High","Polysemic Uncertainty","The Alibaba case documents the AI2 fast-track in operation: the application ""was eligible for fast-track examination"" and led to ""the expedited grant of the patent within three months"" (T2=2, enacted -- an accelerated administrative pathway, not an override of the examination itself). IPOS's application portal and the acceleration scheme are industrial-support infrastructure (T5=2). ""Singapore plays a pivotal role as it facilitates our entry into markets of our interest rapidly"" is market-access framing quoted from the applicant, with no state control mechanism (T6=1)."
"SGP_NAIS_2019_4AUTOMAT_COLLAB_P37_37","SGP_NAIS_2019","Singapore","4. Automation Needs You to Think More about > INTERNATIONAL COLLABORATION > Collaboration with the WEF on the Model AI Governance Framework",37,123,0,0,0,2,0,2,"enacted","High","Polysemic Uncertainty","""Singapore collaborated with the WEF Centre for the Fourth Industrial Revolution (C4IR) to enhance the Model AI Governance Framework and to promote its adoption"", with C4IR ""conducting industry workshops in San Francisco to solicit input"" -- an operating collaboration with a named international body (T6=2, enacted). The output ""will be incorporated into the Model AI Governance Framework"", maintaining a published institutional governance instrument (T4=2). The Framework provides ""useful examples and practices on responsible use of AI"" with no obligation or penalty, so it does not reach 3, and no domestic funding or capacity mechanism appears (T5=0)."
"SGP_NAIS_2019_4AUTOMAT_INTERN_P37_37","SGP_NAIS_2019","Singapore","4. Automation Needs You to Think More about > INTERNATIONAL COLLABORATION > International Collaboration in AI research by AI Singapore",37,175,0,0,0,1,2,2,"enacted","High","Polysemic Uncertainty","""In July 2018, AI Singapore, the French Institute for Research in Computer Science and Automation (INRIA), the French National Centre for Scientific Research (CNRS), and the French Institute of Health and Medical Research (INSERM) signed a Memorandum of Understanding on research collaboration in five focus areas"" -- a signed, formalised bilateral R&D instrument in force (T6=2, enacted), which is also funded research capacity (T5=2). Two of the five focus areas are ""Explainable AI"" and ""Privacy, Trust and Accountability in AI and Data Sharing"", named as research subjects rather than as obligations (T4=1)."
"SGP_NAIS2_2023_INTRODUC_INTROD_P09_09","SGP_NAIS2_2023","Singapore","Introduction > INTRODUCTION | 7",9,127,1,0,0,2,2,0,"enacted","High","Polysemic Uncertainty","""We have committed more than S$500 million through AI Singapore (AISG) under the Research, Innovation and Enterprise (RIE) 2020 and 2025 plans"" is a named, funded, operating programme (T5=2, binding_status enacted). The Model AI Governance Framework (2019) and AI Verify, ""an AI governance testing framework and software toolkit"", are institutional testing toolkits, which is the T4=2 anchor precisely; they are voluntary and open source, so they do not reach 3. ""National AI Projects in areas like Education, Healthcare, and Safety and Security"" names a security domain without describing any programme, budget or target, so Theme 1 registers only at 1."
"SGP_NAIS2_2023_INTRODUC_8INTRO_P10_10","SGP_NAIS2_2023","Singapore","Introduction > 8 | INTRODUCTION",10,173,2,0,1,1,2,2,"enacted","Moderate","Polysemic Uncertainty","""We also use AI to support immigration and customs clearance"" describes an operating system that screens travellers -- individuals -- at the national border, which is the T1=2 anchor for automated border screening in operation (binding_status enacted). Adaptive learning systems in schools, chronic health management in hospitals, and the ecosystem figures for research faculty, R&D teams and start-ups are operating funded capacity (T5=2), and active participation in GPAI, the WEF AI Governance Alliance and the UN High-Level Advisory Body is formalised international engagement (T6=2). ""Detect and deter online scams"" shapes what content reaches users but targets fraud rather than speech or narrative, so it registers at the low end of Theme 3 (T3=1); advocacy for ""the responsible and ethical use of AI"" is rhetorical (T4=1). Confidence is Moderate because the immigration clearance system is named in a single clause without operational detail; flagged on the mandatory T1 trigger."
"SGP_NAIS2_2023_RESEARCH_SINGAP_P32_33","SGP_NAIS2_2023","Singapore","Research > Action 4 > Update national AI R&D plans to sustain leadership in > Singapore-Republic of Korea Joint Grant Call for AI Research",32,158,0,0,0,0,2,2,"enacted","High","Polysemic Uncertainty","""In February 2023, AISG and the Republic of Korea's Institute for Information and Communication Technology Planning and Evaluation (IITP) launched a joint grant call to fund research"" is a formalised cross-border R&D funding cluster in operation, which is the T6=2 anchor exactly. The same grant call funds domestic research capacity at Nanyang Technological University with industry partners (T5=2). The research subject is HVAC and building energy optimisation -- physical plant, not people -- so the Human Target Constraint keeps Theme 1 at 0."
"SGP_NAIS2_2023_DATA_ENHANC_P54_54","SGP_NAIS2_2023","Singapore","Data > Action 11 > Enhancing Technologies",54,142,0,2,0,2,2,0,"directed","High","Polysemic Uncertainty","""The Government will support research and development for PETs, especially in targeted areas like synthetic data generation, data annotation, federated learning, and homomorphic encryption"" is a funded privacy-technology programme with named technical targets, which is the T4=2 anchor for institutional privacy instruments. The same commitment builds general ""data management capabilities... at scale"" (T5=2). The commitment to ""expand practical measures like regulatory sandboxes and guidelines to promote experimentation with PETs"" is the T2=2 anchor: a sandbox relaxes specified requirements for enrolled participants without creating an override or a penalty."
"SGP_NAIS2_2023_DATA_ACTION_P54_55","SGP_NAIS2_2023","Singapore","Data > Action 12",54,101,0,2,0,2,2,0,"enacted","High","Polysemic Uncertainty","""IMDA launched Singapore's first PET Sandbox in July 2022"" and it ""provides regulatory support to ensure that the deployment of PETs meets compliance guidelines"" -- an operating regulatory sandbox compliance programme, which is simultaneously the T4=2 anchor (institutional compliance instrument, enacted) and the T2=2 anchor (a sandbox for enrolled participants). It also ""provides grant support to user companies to scope and implement pilot projects"" (T5=2). Nothing here obliges any party or attaches a penalty, so no theme reaches 3."
"SGP_NAIS2_2023_TRUSTEDE_AIVERI_P58_59","SGP_NAIS2_2023","Singapore","Trusted Environment > Action 13 > Ensure fit-for-purpose regulatory environment for AI > AI Verify",58,321,0,2,2,2,2,2,"enacted","Moderate","Polysemic Uncertainty","AI Verify is an operating testing framework and toolkit released by IMDA in May 2022, and ""in June 2023, IMDA also set up the AI Verify Foundation"" -- named institutional governance instruments in force, though voluntary and open source (T4=2, enacted). ""Pilots for solutions such as watermarking and model cards"" is almost verbatim the T3=2 anchor for state-funded provenance and synthetic-media work. ""Regulatory sandboxes"" is the T2=2 anchor; ""capability development to nurture a domestic Testing, Inspection, and Certification (TIC) sector"" is funded industrial capacity (T5=2); and the international pilot plus contributing ""to international discourse on AI governance... to shape rules around AI"" is funded participation in international standard-setting (T6=2). Confidence is Moderate because five themes sit at 2 in one dense unit; flagged on the mandatory T3 trigger and the tie at 2."
"SGP_NAIS2_2023_TRUSTEDE_RAISES_P59_60","SGP_NAIS2_2023","Singapore","Trusted Environment > Action 14 > Raise security and resilience baseline for AI",59,245,0,0,0,1,2,2,"enacted","High","Polysemic Uncertainty","Dr He Ruimin, Singapore's Chief AI Officer, ""has been selected as one of the members"" of the UN High-Level Advisory Body on AI, which is participation in a named international governance body (T6=2, enacted). Action 14 commits to updating ""cybersecurity toolkits for enterprises and individual users"", developing ""standards and solutions for AI security"", and co-creating technical guidelines with the private sector -- cybersecurity protecting system integrity, which the Theme 3 boundary note routes to Theme 5 (T5=2). ""Joint red teams to test AI systems"" is voluntary, crowdsourced evaluation rather than a mandatory audit (T4=1)."
"USA_AIAP_2025_PILLARIA_ENSURE_P03_04","USA_AIAP_2025","United States","Pillar I: Accelerate AI Innovation > Ensure that Frontier AI Protects Free Speech and American Values",6,274,0,3,3,1,0,1,"directed","High","Polysemic Uncertainty","""Update Federal procurement guidelines to ensure that the government only contracts with frontier large language model (LLM) developers who ensure that their systems are objective and free from top-down ideological bias"" meets all three Score-3 conditions for Theme 3: a procurement instrument, frontier model developers as addressee, and loss of federal contracts as consequence. ""Revise the NIST AI Risk Management Framework to eliminate references to misinformation, Diversity, Equity, and Inclusion, and climate"" is official revision of a state risk framework's content categories, reinforcing that reading. Directing FCC to evaluate whether state AI regulations ""interfere"" and directing review to ""modify or set-aside"" FTC final orders that ""unduly burden AI innovation"" is an override of otherwise-applicable regulatory decisions (T2=3). No funding or capacity mechanism appears, so T5=0; free-speech framing is rhetorical (T4=1)."
"USA_AIAP_2025_PILLARIA_ENABLE_P05_05","USA_AIAP_2025","United States","Pillar I: Accelerate AI Innovation > Enable AI Adoption",8,350,0,2,0,0,2,2,"directed","High","Polysemic Uncertainty","""Establish regulatory sandboxes or AI Centers of Excellence around the country where researchers, startups, and established enterprises can rapidly deploy and test AI tools"" is the T2=2 anchor: a sandbox suspends specified requirements for enrolled participants but creates no override or penalty. The same sandboxes plus NIST-convened domain standards efforts in healthcare, energy and agriculture are funded institutional capacity (T5=2). Regularly updated ""joint DOD-Intelligence Community assessments of the comparative level of adoption of AI tools by the United States, its competitors, and its adversaries"" is a named standing programme of strategic assessment (T6=2); its object is foreign states, not domestic individuals, so T1 remains 0."
"USA_AIAP_2025_PILLARIA_SUPPOR_P07_07","USA_AIAP_2025","United States","Pillar I: Accelerate AI Innovation > Support Next-Generation Manufacturing",10,172,0,2,0,0,2,1,"directed","Moderate","Conflicting Statutory Mandates","The directive to ""invest in developing and scaling foundational and translational manufacturing technologies"" through SBIR, STTR, CHIPS R&D and ""Title III of the Defense Production Act"" names a specific emergency-production instrument and an addressee (manufacturers of next-generation technologies), but the unit attaches no penalty, exclusion, or override of an otherwise-applicable requirement. Two of the three Score-3 conditions are met, so Theme 2 is capped at 2 and flagged per codebook 2.2. The same investment programmes are ordinary funded industrial capacity (T5=2); ""America and our trusted allies be world-class manufacturers"" and convening on robotics supply chain challenges is framing short of an exclusion (T6=1)."
"USA_AIAP_2025_PILLARIA_ACCELE_P10_11","USA_AIAP_2025","United States","Pillar I: Accelerate AI Innovation > Accelerate AI Adoption in Government",13,329,0,2,0,1,2,0,"directed","High","Polysemic Uncertainty","""OMB has already advanced AI adoption in government by reducing onerous rules imposed by the Biden Administration"" records an enacted deregulatory instrument addressed to agencies, but the unit describes rule removal inside government rather than an override of an otherwise-applicable statutory requirement, so Theme 2 is capped at 2. Formalising the CAIOC, the GSA-managed AI procurement toolbox, the talent-exchange programme and the Advanced Technology Transfer and Capability Sharing Program are funded institutional capacity (T5=2). Requiring procurement ""in a manner compliant with relevant privacy, data governance, and transparency laws"" and naming the Federal Privacy Council is procedural reference rather than a new guarantee (T4=1)."
"USA_AIAP_2025_PILLARIA_DRIVEA_P11_12","USA_AIAP_2025","United States","Pillar I: Accelerate AI Innovation > Drive Adoption of AI within the Department of Defense",14,323,0,2,0,0,2,1,"directed","High","Conflicting Statutory Mandates","""Prioritize DOD-led agreements with cloud service providers, operators of computing infrastructure, and other relevant private sector entities to codify priority access to computing resources in the event of a national emergency"" supplies an instrument and an addressee, but the obligation arises by agreement rather than by penalty or override, so two of the three Score-3 conditions are met and Theme 2 is capped at 2 and flagged. The AI and Autonomous Systems Virtual Proving Ground, talent development programmes and Senior Military Colleges as research hubs are funded institutional capacity (T5=2). ""Maintain its global military preeminence"" names no instrument, addressee or consequence and is rhetoric under the Evidence Test (T6=1)."
"USA_AIAP_2025_PILLARIA_COMBAT_P12_13","USA_AIAP_2025","United States","Pillar I: Accelerate AI Innovation > Combat Synthetic Media in the Legal System",15,199,0,0,2,1,0,0,"directed","High","Polysemic Uncertainty","Developing ""NIST's Guardians of Forensic Evidence deepfake evaluation program into a formal guideline and a companion voluntary"" standard, and DOJ guidance to ""explore adopting a deepfake standard similar to the proposed Federal Rules of Evidence Rule 901(c)"", are state-funded synthetic-media detection and provenance work with no enforcement consequence attached, which is the T3=2 anchor exactly. The enacted TAKE IT DOWN Act is cited but its obligations are not described in the unit, so it cannot lift the score. Giving ""the courts and law enforcement the tools they need"" engages judicial process rhetorically (T4=1). Flagged on the mandatory T3 at or above 2 trigger."
"USA_AIAP_2025_PILLARII_FACILI_P14_15","USA_AIAP_2025","United States","Pillar II: Build American AI Infrastructure > Facilities, and Energy Infrastructure while Guaranteeing Security",17,137,0,3,0,0,2,3,"directed","High","Polysemic Uncertainty","Two independent coercive mechanisms sit in one unit and are preserved independently under codebook 4.1 rule 1. ""Expedite environmental permitting by streamlining or reducing regulations promulgated under the Clean Air Act, the Clean Water Act, the Comprehensive Environmental Response, Compensation, and Liability Act"" and directing agencies to open Federal lands is an override of otherwise-applicable statutory requirements (T2=3). ""Ensure that the domestic AI computing stack is built on American products and that the infrastructure that supports AI development such as energy and telecommunications are free from foreign adversary information and communications technology and services (ICTS)"" is a mandatory supply-chain exclusion barring adversary hardware and software from critical infrastructure (T6=3). Federal land release for data centres and generation is the funded baseline (T5=2)."
"USA_AIAP_2025_PILLARII_RESTOR_P16_16","USA_AIAP_2025","United States","Pillar II: Build American AI Infrastructure > Restore American Semiconductor Manufacturing",19,147,0,2,1,0,2,1,"directed","Moderate","Polysemic Uncertainty","""Removing all extraneous policy requirements for CHIPS-funded semiconductor manufacturing projects"" and collaboration to ""streamline regulations that slow semiconductor manufacturing efforts"" is deregulatory action by a named agency that strips conditions from a funding programme, short of an override of a statutory review (T2=2). The revamped CHIPS Program Office and semiconductor grant and research programmes are funded industrial capacity (T5=2). ""Without saddling companies with sweeping ideological agendas"" references the ideological character of funding conditions without creating any mechanism (T3=1); ""protect our supply chains from disruption by foreign rivals"" is framing without an export control (T6=1)."
"USA_AIAP_2025_PILLARII_BUILDH_P16_16","USA_AIAP_2025","United States","Pillar II: Build American AI Infrastructure > Build High-Security Data Centers for Military and Intelligence Community Usage",19,128,1,0,0,0,2,1,"directed","Moderate","Missing Operational Context","Creating ""new technical standards for high-security AI data centers"" led by DOD, the IC, NSC and NIST, and advancing ""agency adoption of classified compute environments"", is funded institutional infrastructure (T5=2). The unit states that ""AI systems are particularly well-suited to processing raw intelligence data"" and that AI ""will be used with some of the U.S. government's most sensitive data"" without identifying whose data or what the analytic target is; AI applied to raw intelligence is named as a use but no programme, budget or target population is described, so Theme 1 registers at 1 and the unit is flagged for missing operational context. Resistance to ""nation-state actors"" is defensive framing (T6=1)."
"USA_AIAP_2025_PILLARII_EXPORT_P20_20","USA_AIAP_2025","United States","Pillar III: Lead in International AI Diplomacy and > Security > Export American AI to Allies and Partners",23,232,0,0,0,0,2,2,"directed","High","Polysemic Uncertainty","Establishing a DOC programme ""gathering proposals from industry consortia for full-stack AI export packages"", coordinated with the Economic Diplomacy Action Group, USTDA, the Export-Import Bank, the DFC and DOS, is a named funded export-promotion programme (T6=2) and simultaneously funded industrial policy for the domestic stack (T5=2). Deals must ""meet U.S.-approved security requirements and standards"", which conditions selection but imposes no prohibition or penalty on any party, so the Score-3 Evidence Test is not met. ""Preventing our adversaries from free-riding"" is framing rather than an operative exclusion in this unit."
"USA_AIAP_2025_PILLARII_SECURI_P22_22","USA_AIAP_2025","United States","Pillar III: Lead in International AI Diplomacy and > Security > Security Risks in Frontier Models",25,276,0,0,2,0,2,2,"directed","Moderate","Polysemic Uncertainty","CAISI-led evaluation of frontier systems for national security risks, the recruitment of leading AI researchers into federal agencies, and a maintained programme of national security AI evaluations are funded institutional capacity (T5=2) and a standing assessment programme aimed at adversary systems (T6=2). The directive to ""evaluate and assess potential security vulnerabilities and malign foreign influence arising from the use of adversaries' AI systems in critical infrastructure and elsewhere in the American economy"" is state evaluation of foreign models for influence, a listed Theme 3 indicator, funded and institutionalised but carrying no removal, labelling or exclusion consequence (T3=2). Confidence is Moderate because the influence assessment sits on the boundary between Theme 3 and ordinary security assessment; flagged on the mandatory T3 at or above 2 trigger."
"USA_AIAP_2025_PILLARII_INVEST_P23_23","USA_AIAP_2025","United States","Pillar III: Lead in International AI Diplomacy and > Security > Invest in Biosecurity",26,186,2,0,0,0,2,1,"directed","Moderate","Polysemic Uncertainty","""Require all institutions receiving Federal funding for scientific research to use nucleic acid synthesis tools and synthesis providers that have robust nucleic acid sequence screening and customer verification procedures. Create enforcement mechanisms for this requirement rather than relying on voluntary attestation"" is a mandated screening and identity-verification regime whose object is people -- customers ordering synthesis -- reinforced by a mechanism ""to facilitate data sharing between nucleic acid synthesis providers to screen for potentially fraudulent or malicious customers"" (T1). All three Score-3 conditions are arguably met on the requirement itself, but the T1=3 anchors describe state-operated monitoring, data forwarding to security bodies, or compulsory registration, and this regime is operated by private providers as a funding condition; the score is therefore held at 2 and flagged for adjudication of exactly that tension. Federal research funding infrastructure and screening tools are funded capacity (T5=2); ""work with allies and partners to ensure international adoption"" is framing (T6=1)."
